label,count,percent
0.0,2712173,0.5424346
1.0,2287827,0.4575654
